��һ�Ա��,���ʵ��֧�����,�ջ�������,��������               ,��������ʱ��
mrhy1  ,41.86       ,��ĳĳ     ,�����ѧPython           ,2018/5/16 9:41
mrhy2  ,41.86       ,��ĳĳ     ,�����ѧPython           ,2018/5/9 15:31
mrhy3  ,48.86       ,��ĳĳ     ,�����ѧPython           ,2018/5/25 15:21
mrhy4  ,48.86       ,��ĳĳ     ,�����ѧPython           ,2018/5/25 15:21
mrhy5  ,48.86       ,��ĳĳ     ,C#��Ŀ����ʵս����        ,2018/5/25 15:21
mrhy6  ,48.86       ,��ĳĳ     ,C#��Ŀ����ʵս����        ,2018/5/25 21:32
mrhy7  ,104.72      ,��ĳĳ     ,C���Ծ��ʱ��200��        ,2018/5/21 1:25
mrhy8  ,55.86       ,��ĳĳ     ,C���Ծ��ʱ��200��        ,2018/5/6 2:38
mrhy9  ,79.8        ,��ĳĳ     ,C���Ծ��ʱ��200��        ,2018/5/28 14:06
mrhy10 ,29.9        ,��ĳĳ     ,C������Ŀ����ʵս����     ,2018/5/20 10:40
mrhy11 ,41.86       ,��ĳĳ     ,C������Ŀ����ʵս����     ,2018/5/9 12:09
mrhy12 ,41.86       ,��ĳĳ     ,C������Ŀ����ʵս����     ,2018/5/6 0:19
mrhy13 ,41.86       ,��ĳĳ     ,C������Ŀ����ʵս����     ,2018/5/5 23:30
mrhy14 ,41.86       ,��ĳĳ     ,C������Ŀ����ʵս����     ,2018/5/5 22:37
mrhy15 ,41.86       ,��ĳĳ     ,C������Ŀ����ʵս����     ,2018/5/5 20:35
mrhy16 ,41.86       ,��ĳĳ     ,C������Ŀ����ʵս����     ,2018/5/12 21:14
mrhy17 ,48.86       ,��ĳĳ     ,JavaWeb��Ŀ����ʵս����   ,2018/5/5 19:54
mrhy18 ,48.86       ,��ĳĳ     ,JavaWeb��Ŀ����ʵս����   ,2018/5/4 7:46
mrhy19 ,48.86       ,��ĳĳ     ,JavaWeb��Ŀ����ʵս����   ,2018/5/23 0:12
mrhy20 ,1268        ,��ĳĳ     ,Java��̴ʵ���ذ�          ,2018/5/27 0:08
mrhy21 ,195.44      ,��ĳĳ     ,Java���򿪷�ȫ��ѧϰ�ƽ���װ  ,2018/5/14 19:40
mrhy22 ,195.44      ,��ĳĳ     ,Java���򿪷�ȫ��ѧϰ�ƽ���װ  ,2018/5/29 13:21
mrhy23 ,97.72       ,��ĳĳ     ,Java���ʱ��200��        ,2018/5/20 17:13
mrhy24 ,41.86       ,��ĳĳ     ,Java��Ŀ����ʵս����      ,2018/5/9 14:36
mrhy25 ,41.86       ,��ĳĳ     ,Java��Ŀ����ʵս����      ,2018/5/5 15:18
mrhy26 ,41.86       ,��ĳĳ     ,Java��Ŀ����ʵս����      ,2018/5/12 2:23
mrhy27 ,48.86       ,��ĳĳ     ,JSP��Ŀ����ʵս����       ,2018/5/4 7:52
mrhy28 ,48.86       ,��ĳĳ     ,JSP��Ŀ����ʵս����       ,2018/5/30 22:04
mrhy29 ,34.86       ,��ĳĳ     ,SQL���鼴��              ,2018/5/28 0:26
mrhy30 ,34.86       ,֣ĳĳ      ,SQL���鼴��              ,2018/5/27 8:58
mrhy31 ,34.86       ,��ĳĳ     ,SQL���鼴��              ,2018/5/23 17:37
mrhy32 ,90.72       ,��ĳĳ     ,SQL���鼴��              ,2018/5/27 21:41
mrhy33 ,55.86       ,��ĳĳ     ,Visual Basic���ʱ��200��,2018/5/22 12:51
mrhy34 ,55.86       ,��ĳĳ     ,Visual Basic���ʱ��200��,2018/5/9 14:54
mrhy35 ,55.86       ,��ĳĳ     ,Visual Basic���ʱ��200��,2018/5/8 12:39
mrhy36 ,55.86       ,��ĳĳ     ,Visual Basic���ʱ��200��,2018/5/1 16:34
mrhy37 ,55.86       ,��ĳĳ     ,Visual Basic���ʱ��200��,2018/5/19 13:12
mrhy38 ,62.86       ,��ĳĳ     ,�����ѧAndroid          ,2018/5/18 14:48
mrhy39 ,62.86       ,��ĳĳ     ,�����ѧAndroid          ,2018/5/11 13:27
mrhy40 ,55.86       ,ëĳĳ      ,�����ѧC#               ,2018/5/9 16:29
mrhy41 ,55.86       ,��ĳĳ     ,�����ѧC#               ,2018/5/9 8:41
mrhy42 ,55.86       ,��ĳĳ     ,�����ѧC#               ,2018/5/15 17:15
mrhy43 ,48.86       ,��ĳĳ     ,�����ѧC����            ,2018/5/24 19:38
mrhy44 ,48.86       ,��ĳĳ     ,�����ѧC����            ,2018/5/10 10:53
mrhy45 ,48.86       ,��ĳĳ     ,�����ѧJava             ,2018/5/8 16:21
mrhy46 ,48.86       ,��ĳĳ     ,�����ѧJava             ,2018/5/5 12:43
mrhy47 ,48.86       ,��ĳĳ     ,�����ѧJava             ,2018/5/3 22:44
mrhy48 ,48.86       ,��ĳĳ     ,�����ѧJava             ,2018/5/3 21:24
mrhy49 ,48.86       ,��ĳĳ     ,�����ѧJava             ,2018/5/1 9:25
mrhy50 ,48.86       ,��ĳĳ     ,�����ѧJava             ,2018/5/26 22:31
